{
    "logFilePath": "logs/serverlogs.log",
    "maxAge": "1d",
    "logLevel": "ALL",
    "development": true,
    "templateRoot": "templates",
    "enableAppLogin": true,
    "authorizationHeader": "Basic VVNFUjE6VVNFUjE=",
    "ptbAuthorizationHeader": "Basic cHRiLXVzci1wcmZsOlB0YlBPU19VU3JfUEYyMEAxNiM=",
    "sslPassphrase": "wellpoint",
    "runOnHttps": false,
    "siteminderUnauthorizedError": "You are not authorized to log in.",
    "enableStubbedLogin": true,
    "MS_payloadLimit": "9mb",
    "enableWILY": false,
    "accessingOrigin": "http://localhost:8888/",
    "wileySettings": {
        "collectorAgentPort": 9090,
        "ca_apm_path": "",
        "probe_name": ""
    },
    "staticFolders": "dist",
    "endPoints": {
        "services": {
            "commissionSummary": "http://mom9n90291:8054/api/commissions/summary/v1/{paidTin}",
            "commissionStatementPdf": "http://mom9n90291:8054/api/commissions/pdf/v1/{paidTin}?statementDate={statementDate}&source={source}&statementID={statementID}",
            "commissionDetails": "http://mom9n90291:8054/api/commissions/detail/v1/{statementID}"
        },
        "contentServices": {},
        "ptbServices": {}
    },
    "featureToggles": {},
    "clientConfig": {
        "STUB_URL": "http://localhost:8888/apps/made/jsons/",
        "PARTNERID": "MADE",
        "TIME_OUT_ALERT_INTERVAL": 900000,
        "EXTEND_SESSION_ALERT_INTERVAL": 600000,
        "loadS2SScripts": false,
        "S2SScripts": [
            "https://brokerportal-sit1.anthem.com/s2s/js/underscore-min.js",
            "https://brokerportal-sit1.anthem.com/s2s/js/backbone-min.js",
            "https://brokerportal-sit1.anthem.com/s2s/js/session-sync.js"
        ],
        "S2SEnvMap": {
            "dev1": "dev1",
            "dev2": "dev2",
            "sit1": "sit1",
            "sit2": "sit2",
            "perf": "perf",
            "uat2": "uat2",
            "prod": "prod"
        },
        "portalName": "Broker Portal",
        "MAX_FILE_SIZE": 5242000,
        "commSourceDescMap": {
            "ISG": "ISG Statement",
            "WGS": "WGS Statement",
            "ASCS": "ASCS Statement",
            "WGSGA": "WGSGA Statement"
        }
    }
}